Dimension, Obstacles, Seed, Algorithm, Time, Nodes Expanded, Plan Length, Error, Plan, Env
4x4, 0, 3735929054, bfs, 0.32, 89, 7, None, MoveF_MoveF_MoveF_MoveF_MoveF_MoveF_MoveF, canWorld
4x4, 0, 3735929054, ucs, 0.19, 52, 7, None, MoveF_MoveF_MoveF_MoveF_MoveF_MoveF_MoveF, canWorld
4x4, 0, 3735929054, gbfs, 0.04, 8, 7, None, MoveF_MoveF_MoveF_MoveF_MoveF_MoveF_MoveF, canWorld
4x4, 0, 3735929054, astar, 0.19, 52, 7, None, MoveF_MoveF_MoveF_MoveF_MoveF_MoveF_MoveF, canWorld
4x4, 0, 3735929054, custom-astar, 0.20, 52, 7, None, MoveF_MoveF_MoveF_MoveF_MoveF_MoveF_MoveF, canWorld
4x4, 0, 195936467, bfs, 0.40, 99, 8, None, MoveF_TurnCW_MoveF_MoveF_MoveF_MoveF_MoveF_TurnCCW, canWorld
4x4, 0, 195936467, ucs, 0.32, 110, 8, None, TurnCW_MoveF_MoveF_MoveF_MoveF_MoveF_TurnCCW_MoveF, canWorld
4x4, 0, 195936467, gbfs, 1.13, 396, 8, None, TurnCW_MoveF_MoveF_MoveF_MoveF_MoveF_TurnCCW_MoveF, canWorld
4x4, 0, 195936467, astar, 0.27, 100, 8, None, TurnCW_MoveF_MoveF_MoveF_MoveF_MoveF_TurnCCW_MoveF, canWorld
4x4, 0, 195936467, custom-astar, 0.28, 100, 8, None, TurnCW_MoveF_MoveF_MoveF_MoveF_MoveF_TurnCCW_MoveF, canWorld
4x4, 0, 20493, bfs, 0.70, 239, 12, None, MoveF_MoveF_MoveF_TurnCW_MoveF_MoveF_MoveF_MoveF_MoveF_MoveF_MoveF_TurnCCW, canWorld
4x4, 0, 20493, ucs, 0.93, 254, 12, None, TurnCW_MoveF_MoveF_MoveF_MoveF_MoveF_MoveF_MoveF_TurnCCW_MoveF_MoveF_MoveF, canWorld
4x4, 0, 20493, gbfs, 1.46, 462, 12, None, TurnCW_MoveF_MoveF_MoveF_MoveF_MoveF_MoveF_MoveF_TurnCCW_MoveF_MoveF_MoveF, canWorld
4x4, 0, 20493, astar, 0.73, 240, 12, None, TurnCW_MoveF_MoveF_MoveF_MoveF_MoveF_MoveF_MoveF_TurnCCW_MoveF_MoveF_MoveF, canWorld
4x4, 0, 20493, custom-astar, 0.75, 240, 12, None, TurnCW_MoveF_MoveF_MoveF_MoveF_MoveF_MoveF_MoveF_TurnCCW_MoveF_MoveF_MoveF, canWorld
4x4, 4, 3735929054, bfs, 0.79, 188, 11, None, MoveF_MoveF_MoveF_MoveF_MoveF_MoveF_TurnCW_MoveF_MoveF_TurnCCW_MoveF, canWorld
4x4, 4, 3735929054, ucs, 0.52, 194, 11, None, TurnCW_MoveF_MoveF_TurnCCW_MoveF_MoveF_MoveF_MoveF_MoveF_MoveF_MoveF, canWorld
4x4, 4, 3735929054, gbfs, 2.31, 695, 11, None, TurnCW_MoveF_MoveF_TurnCCW_MoveF_MoveF_MoveF_MoveF_MoveF_MoveF_MoveF, canWorld
4x4, 4, 3735929054, astar, 0.50, 182, 11, None, TurnCW_MoveF_MoveF_TurnCCW_MoveF_MoveF_MoveF_MoveF_MoveF_MoveF_MoveF, canWorld
4x4, 4, 3735929054, custom-astar, 0.49, 182, 11, None, TurnCW_MoveF_MoveF_TurnCCW_MoveF_MoveF_MoveF_MoveF_MoveF_MoveF_MoveF, canWorld
4x4, 4, 195936467, bfs, 0.57, 165, 11, None, MoveF_TurnCW_MoveF_MoveF_MoveF_MoveF_MoveF_MoveF_MoveF_MoveF_TurnCCW, canWorld
4x4, 4, 195936467, ucs, 0.43, 140, 11, None, TurnCW_MoveF_MoveF_MoveF_MoveF_MoveF_MoveF_MoveF_MoveF_TurnCCW_MoveF, canWorld
4x4, 4, 195936467, gbfs, 1.07, 364, 11, None, TurnCW_MoveF_MoveF_MoveF_MoveF_MoveF_MoveF_MoveF_MoveF_TurnCCW_MoveF, canWorld
4x4, 4, 195936467, astar, 0.48, 168, 11, None, TurnCW_MoveF_MoveF_MoveF_MoveF_MoveF_MoveF_MoveF_MoveF_TurnCCW_MoveF, canWorld
4x4, 4, 195936467, custom-astar, 0.58, 168, 11, None, TurnCW_MoveF_MoveF_MoveF_MoveF_MoveF_MoveF_MoveF_MoveF_TurnCCW_MoveF, canWorld
4x4, 4, 20493, bfs, 1.76, 556, 18, None, MoveF_MoveF_MoveF_MoveF_MoveF_MoveF_MoveF_MoveF_TurnCW_MoveF_MoveF_MoveF_MoveF_MoveF_MoveF_MoveF_MoveF_TurnCCW, canWorld
4x4, 4, 20493, ucs, 1.51, 575, 18, None, TurnCW_MoveF_MoveF_MoveF_MoveF_MoveF_MoveF_MoveF_MoveF_TurnCCW_MoveF_MoveF_MoveF_MoveF_MoveF_MoveF_MoveF_MoveF, canWorld
4x4, 4, 20493, gbfs, 1.74, 555, 18, None, TurnCW_MoveF_MoveF_MoveF_MoveF_MoveF_MoveF_MoveF_MoveF_TurnCCW_MoveF_MoveF_MoveF_MoveF_MoveF_MoveF_MoveF_MoveF, canWorld
4x4, 4, 20493, astar, 1.47, 560, 18, None, TurnCW_MoveF_MoveF_MoveF_MoveF_MoveF_MoveF_MoveF_MoveF_TurnCCW_MoveF_MoveF_MoveF_MoveF_MoveF_MoveF_MoveF_MoveF, canWorld
4x4, 4, 20493, custom-astar, 1.64, 560, 18, None, TurnCW_MoveF_MoveF_MoveF_MoveF_MoveF_MoveF_MoveF_MoveF_TurnCCW_MoveF_MoveF_MoveF_MoveF_MoveF_MoveF_MoveF_MoveF, canWorld
8x8, 0, 3735929054, bfs, 5.43, 1771, 31, None, MoveF_MoveF_MoveF_MoveF_MoveF_MoveF_MoveF_MoveF_MoveF_MoveF_MoveF_MoveF_MoveF_MoveF_MoveF_MoveF_TurnCW_MoveF_MoveF_MoveF_MoveF_MoveF_MoveF_MoveF_MoveF_MoveF_MoveF_MoveF_MoveF_MoveF_TurnCCW, canWorld
8x8, 0, 3735929054, ucs, 5.60, 1805, 31, None, TurnCW_MoveF_MoveF_MoveF_MoveF_MoveF_MoveF_MoveF_MoveF_MoveF_MoveF_MoveF_MoveF_MoveF_TurnCCW_MoveF_MoveF_MoveF_MoveF_MoveF_MoveF_MoveF_MoveF_MoveF_MoveF_MoveF_MoveF_MoveF_MoveF_MoveF_MoveF, canWorld
8x8, 0, 3735929054, gbfs, 7.12, 2168, 31, None, TurnCW_MoveF_MoveF_MoveF_MoveF_MoveF_MoveF_MoveF_MoveF_MoveF_MoveF_MoveF_MoveF_MoveF_TurnCCW_MoveF_MoveF_MoveF_MoveF_MoveF_MoveF_MoveF_MoveF_MoveF_MoveF_MoveF_MoveF_MoveF_MoveF_MoveF_MoveF, canWorld
8x8, 0, 3735929054, astar, 5.57, 1772, 31, None, TurnCW_MoveF_MoveF_MoveF_MoveF_MoveF_MoveF_MoveF_MoveF_MoveF_MoveF_MoveF_MoveF_MoveF_TurnCCW_MoveF_MoveF_MoveF_MoveF_MoveF_MoveF_MoveF_MoveF_MoveF_MoveF_MoveF_MoveF_MoveF_MoveF_MoveF_MoveF, canWorld
8x8, 0, 3735929054, custom-astar, 5.63, 1772, 31, None, TurnCW_MoveF_MoveF_MoveF_MoveF_MoveF_MoveF_MoveF_MoveF_MoveF_MoveF_MoveF_MoveF_MoveF_TurnCCW_MoveF_MoveF_MoveF_MoveF_MoveF_MoveF_MoveF_MoveF_MoveF_MoveF_MoveF_MoveF_MoveF_MoveF_MoveF_MoveF, canWorld
8x8, 0, 195936467, bfs, 0.35, 99, 8, None, MoveF_TurnCW_MoveF_MoveF_MoveF_MoveF_MoveF_TurnCCW, canWorld
8x8, 0, 195936467, ucs, 0.32, 110, 8, None, TurnCW_MoveF_MoveF_MoveF_MoveF_MoveF_TurnCCW_MoveF, canWorld
8x8, 0, 195936467, gbfs, 5.38, 1708, 8, None, TurnCW_MoveF_MoveF_MoveF_MoveF_MoveF_TurnCCW_MoveF, canWorld
8x8, 0, 195936467, astar, 0.28, 100, 8, None, TurnCW_MoveF_MoveF_MoveF_MoveF_MoveF_TurnCCW_MoveF, canWorld
8x8, 0, 195936467, custom-astar, 0.31, 100, 8, None, TurnCW_MoveF_MoveF_MoveF_MoveF_MoveF_TurnCCW_MoveF, canWorld
8x8, 0, 20493, bfs, 0.70, 239, 12, None, MoveF_MoveF_MoveF_TurnCW_MoveF_MoveF_MoveF_MoveF_MoveF_MoveF_MoveF_TurnCCW, canWorld
8x8, 0, 20493, ucs, 0.75, 254, 12, None, TurnCW_MoveF_MoveF_MoveF_MoveF_MoveF_MoveF_MoveF_TurnCCW_MoveF_MoveF_MoveF, canWorld
8x8, 0, 20493, gbfs, 5.48, 1774, 12, None, TurnCW_MoveF_MoveF_MoveF_MoveF_MoveF_MoveF_MoveF_TurnCCW_MoveF_MoveF_MoveF, canWorld
8x8, 0, 20493, astar, 0.55, 240, 12, None, TurnCW_MoveF_MoveF_MoveF_MoveF_MoveF_MoveF_MoveF_TurnCCW_MoveF_MoveF_MoveF, canWorld
8x8, 0, 20493, custom-astar, 0.69, 240, 12, None, TurnCW_MoveF_MoveF_MoveF_MoveF_MoveF_MoveF_MoveF_TurnCCW_MoveF_MoveF_MoveF, canWorld
8x8, 14, 3735929054, bfs, 0.64, 238, 12, None, MoveF_TurnCW_MoveF_MoveF_MoveF_MoveF_MoveF_MoveF_MoveF_MoveF_MoveF_TurnCCW, canWorld
8x8, 14, 3735929054, ucs, 0.66, 249, 12, None, MoveF_TurnCW_MoveF_MoveF_MoveF_MoveF_MoveF_MoveF_MoveF_MoveF_MoveF_TurnCCW, canWorld
8x8, 14, 3735929054, gbfs, 4.23, 1446, 14, None, TurnCW_MoveF_TurnCCW_MoveF_TurnCW_MoveF_MoveF_MoveF_MoveF_MoveF_MoveF_MoveF_MoveF_TurnCCW, canWorld
8x8, 14, 3735929054, astar, 0.71, 247, 12, None, MoveF_TurnCW_MoveF_MoveF_MoveF_MoveF_MoveF_MoveF_MoveF_MoveF_MoveF_TurnCCW, canWorld
8x8, 14, 3735929054, custom-astar, 0.68, 247, 12, None, MoveF_TurnCW_MoveF_MoveF_MoveF_MoveF_MoveF_MoveF_MoveF_MoveF_MoveF_TurnCCW, canWorld
8x8, 14, 195936467, bfs, 5.42, 1632, 30, None, MoveF_MoveF_MoveF_MoveF_MoveF_MoveF_MoveF_MoveF_MoveF_MoveF_MoveF_MoveF_MoveF_TurnCW_MoveF_MoveF_MoveF_MoveF_MoveF_MoveF_MoveF_MoveF_MoveF_MoveF_MoveF_MoveF_MoveF_MoveF_MoveF_TurnCCW, canWorld
8x8, 14, 195936467, ucs, 5.54, 1659, 30, None, TurnCW_MoveF_MoveF_MoveF_MoveF_MoveF_MoveF_MoveF_MoveF_MoveF_MoveF_MoveF_MoveF_MoveF_MoveF_MoveF_TurnCCW_MoveF_MoveF_MoveF_MoveF_MoveF_MoveF_MoveF_MoveF_MoveF_MoveF_MoveF_MoveF_MoveF, canWorld
8x8, 14, 195936467, gbfs, 7.87, 2100, 30, None, TurnCW_MoveF_MoveF_MoveF_MoveF_MoveF_MoveF_MoveF_MoveF_MoveF_MoveF_MoveF_MoveF_MoveF_MoveF_MoveF_TurnCCW_MoveF_MoveF_MoveF_MoveF_MoveF_MoveF_MoveF_MoveF_MoveF_MoveF_MoveF_MoveF_MoveF, canWorld
8x8, 14, 195936467, astar, 5.44, 1625, 30, None, TurnCW_MoveF_MoveF_MoveF_MoveF_MoveF_MoveF_MoveF_MoveF_MoveF_MoveF_MoveF_MoveF_MoveF_MoveF_MoveF_TurnCCW_MoveF_MoveF_MoveF_MoveF_MoveF_MoveF_MoveF_MoveF_MoveF_MoveF_MoveF_MoveF_MoveF, canWorld
8x8, 14, 195936467, custom-astar, 5.23, 1625, 30, None, TurnCW_MoveF_MoveF_MoveF_MoveF_MoveF_MoveF_MoveF_MoveF_MoveF_MoveF_MoveF_MoveF_MoveF_MoveF_MoveF_TurnCCW_MoveF_MoveF_MoveF_MoveF_MoveF_MoveF_MoveF_MoveF_MoveF_MoveF_MoveF_MoveF_MoveF, canWorld
8x8, 14, 20493, bfs, 2.04, 560, 18, None, MoveF_TurnCW_MoveF_MoveF_MoveF_MoveF_MoveF_MoveF_MoveF_MoveF_MoveF_MoveF_MoveF_MoveF_MoveF_MoveF_MoveF_TurnCCW, canWorld
8x8, 14, 20493, ucs, 1.94, 576, 18, None, MoveF_TurnCW_MoveF_MoveF_MoveF_MoveF_MoveF_MoveF_MoveF_MoveF_MoveF_MoveF_MoveF_MoveF_MoveF_MoveF_MoveF_TurnCCW, canWorld
8x8, 14, 20493, gbfs, 6.10, 1268, 20, None, TurnCW_MoveF_MoveF_MoveF_MoveF_TurnCCW_MoveF_TurnCW_MoveF_MoveF_MoveF_MoveF_MoveF_MoveF_MoveF_MoveF_MoveF_MoveF_MoveF_TurnCCW, canWorld
8x8, 14, 20493, astar, 2.77, 583, 18, None, MoveF_TurnCW_MoveF_MoveF_MoveF_MoveF_MoveF_MoveF_MoveF_MoveF_MoveF_MoveF_MoveF_MoveF_MoveF_MoveF_MoveF_TurnCCW, canWorld
8x8, 14, 20493, custom-astar, 2.89, 583, 18, None, MoveF_TurnCW_MoveF_MoveF_MoveF_MoveF_MoveF_MoveF_MoveF_MoveF_MoveF_MoveF_MoveF_MoveF_MoveF_MoveF_MoveF_TurnCCW, canWorld
12x12, 0, 3735929054, bfs, 17.97, 3157, 41, None, MoveF_MoveF_MoveF_MoveF_MoveF_MoveF_MoveF_MoveF_MoveF_MoveF_MoveF_MoveF_MoveF_MoveF_MoveF_MoveF_MoveF_MoveF_MoveF_MoveF_MoveF_MoveF_MoveF_TurnCW_MoveF_MoveF_MoveF_MoveF_MoveF_MoveF_MoveF_MoveF_MoveF_MoveF_MoveF_MoveF_MoveF_MoveF_MoveF_MoveF_TurnCCW, canWorld
12x12, 0, 3735929054, ucs, 14.00, 3201, 41, None, TurnCW_MoveF_MoveF_MoveF_MoveF_MoveF_MoveF_MoveF_MoveF_MoveF_MoveF_MoveF_MoveF_MoveF_MoveF_MoveF_MoveF_TurnCCW_MoveF_MoveF_MoveF_MoveF_MoveF_MoveF_MoveF_MoveF_MoveF_MoveF_MoveF_MoveF_MoveF_MoveF_MoveF_MoveF_MoveF_MoveF_MoveF_MoveF_MoveF_MoveF_MoveF, canWorld
12x12, 0, 3735929054, gbfs, 20.66, 4983, 41, None, TurnCW_MoveF_MoveF_MoveF_MoveF_MoveF_MoveF_MoveF_MoveF_MoveF_MoveF_MoveF_MoveF_MoveF_MoveF_MoveF_MoveF_TurnCCW_MoveF_MoveF_MoveF_MoveF_MoveF_MoveF_MoveF_MoveF_MoveF_MoveF_MoveF_MoveF_MoveF_MoveF_MoveF_MoveF_MoveF_MoveF_MoveF_MoveF_MoveF_MoveF_MoveF, canWorld
12x12, 0, 3735929054, astar, 10.52, 3158, 41, None, TurnCW_MoveF_MoveF_MoveF_MoveF_MoveF_MoveF_MoveF_MoveF_MoveF_MoveF_MoveF_MoveF_MoveF_MoveF_MoveF_MoveF_TurnCCW_MoveF_MoveF_MoveF_MoveF_MoveF_MoveF_MoveF_MoveF_MoveF_MoveF_MoveF_MoveF_MoveF_MoveF_MoveF_MoveF_MoveF_MoveF_MoveF_MoveF_MoveF_MoveF_MoveF, canWorld
12x12, 0, 3735929054, custom-astar, 10.75, 3158, 41, None, TurnCW_MoveF_MoveF_MoveF_MoveF_MoveF_MoveF_MoveF_MoveF_MoveF_MoveF_MoveF_MoveF_MoveF_MoveF_MoveF_MoveF_TurnCCW_MoveF_MoveF_MoveF_MoveF_MoveF_MoveF_MoveF_MoveF_MoveF_MoveF_MoveF_MoveF_MoveF_MoveF_MoveF_MoveF_MoveF_MoveF_MoveF_MoveF_MoveF_MoveF_MoveF, canWorld
12x12, 0, 195936467, bfs, 0.29, 99, 8, None, MoveF_TurnCW_MoveF_MoveF_MoveF_MoveF_MoveF_TurnCCW, canWorld
12x12, 0, 195936467, ucs, 0.35, 110, 8, None, TurnCW_MoveF_MoveF_MoveF_MoveF_MoveF_TurnCCW_MoveF, canWorld
12x12, 0, 195936467, gbfs, 14.48, 4044, 8, None, TurnCW_MoveF_MoveF_MoveF_MoveF_MoveF_TurnCCW_MoveF, canWorld
12x12, 0, 195936467, astar, 0.25, 100, 8, None, TurnCW_MoveF_MoveF_MoveF_MoveF_MoveF_TurnCCW_MoveF, canWorld
12x12, 0, 195936467, custom-astar, 0.30, 100, 8, None, TurnCW_MoveF_MoveF_MoveF_MoveF_MoveF_TurnCCW_MoveF, canWorld
12x12, 0, 20493, bfs, 0.89, 239, 12, None, MoveF_MoveF_MoveF_TurnCW_MoveF_MoveF_MoveF_MoveF_MoveF_MoveF_MoveF_TurnCCW, canWorld
12x12, 0, 20493, ucs, 0.71, 254, 12, None, TurnCW_MoveF_MoveF_MoveF_MoveF_MoveF_MoveF_MoveF_TurnCCW_MoveF_MoveF_MoveF, canWorld
12x12, 0, 20493, gbfs, 14.81, 4110, 12, None, TurnCW_MoveF_MoveF_MoveF_MoveF_MoveF_MoveF_MoveF_TurnCCW_MoveF_MoveF_MoveF, canWorld
12x12, 0, 20493, astar, 0.66, 240, 12, None, TurnCW_MoveF_MoveF_MoveF_MoveF_MoveF_MoveF_MoveF_TurnCCW_MoveF_MoveF_MoveF, canWorld
12x12, 0, 20493, custom-astar, 0.73, 240, 12, None, TurnCW_MoveF_MoveF_MoveF_MoveF_MoveF_MoveF_MoveF_TurnCCW_MoveF_MoveF_MoveF, canWorld
12x12, 31, 3735929054, bfs, 3.28, 1118, 25, None, MoveF_MoveF_MoveF_MoveF_MoveF_MoveF_TurnCW_MoveF_MoveF_MoveF_MoveF_MoveF_MoveF_MoveF_MoveF_MoveF_MoveF_MoveF_MoveF_MoveF_MoveF_MoveF_MoveF_MoveF_TurnCCW, canWorld
12x12, 31, 3735929054, ucs, 3.23, 1128, 25, None, TurnCW_MoveF_MoveF_MoveF_MoveF_MoveF_MoveF_MoveF_MoveF_MoveF_MoveF_MoveF_MoveF_MoveF_MoveF_MoveF_MoveF_MoveF_TurnCCW_MoveF_MoveF_MoveF_MoveF_MoveF_MoveF, canWorld
12x12, 31, 3735929054, gbfs, 12.91, 3633, 25, None, TurnCW_MoveF_MoveF_MoveF_MoveF_MoveF_MoveF_MoveF_MoveF_MoveF_MoveF_MoveF_MoveF_MoveF_MoveF_MoveF_MoveF_MoveF_TurnCCW_MoveF_MoveF_MoveF_MoveF_MoveF_MoveF, canWorld
12x12, 31, 3735929054, astar, 3.26, 1125, 25, None, TurnCW_MoveF_MoveF_MoveF_MoveF_MoveF_MoveF_MoveF_MoveF_MoveF_MoveF_MoveF_MoveF_MoveF_MoveF_MoveF_MoveF_MoveF_TurnCCW_MoveF_MoveF_MoveF_MoveF_MoveF_MoveF, canWorld
12x12, 31, 3735929054, custom-astar, 3.65, 1125, 25, None, TurnCW_MoveF_MoveF_MoveF_MoveF_MoveF_MoveF_MoveF_MoveF_MoveF_MoveF_MoveF_MoveF_MoveF_MoveF_MoveF_MoveF_MoveF_TurnCCW_MoveF_MoveF_MoveF_MoveF_MoveF_MoveF, canWorld
12x12, 31, 195936467, bfs, 4.77, 1570, 29, None, MoveF_MoveF_MoveF_MoveF_MoveF_MoveF_MoveF_MoveF_MoveF_MoveF_MoveF_MoveF_MoveF_TurnCW_MoveF_MoveF_MoveF_MoveF_MoveF_MoveF_MoveF_TurnCCW_MoveF_MoveF_MoveF_MoveF_MoveF_MoveF_MoveF, canWorld
12x12, 31, 195936467, ucs, 4.42, 1548, 29, None, TurnCW_MoveF_MoveF_MoveF_MoveF_MoveF_MoveF_MoveF_TurnCCW_MoveF_MoveF_MoveF_MoveF_MoveF_MoveF_MoveF_MoveF_MoveF_MoveF_MoveF_MoveF_MoveF_MoveF_MoveF_MoveF_MoveF_MoveF_MoveF_MoveF, canWorld
12x12, 31, 195936467, gbfs, 22.95, 5820, 29, None, TurnCW_MoveF_MoveF_MoveF_MoveF_MoveF_MoveF_MoveF_TurnCCW_MoveF_MoveF_MoveF_MoveF_MoveF_MoveF_MoveF_MoveF_MoveF_MoveF_MoveF_MoveF_MoveF_MoveF_MoveF_MoveF_MoveF_MoveF_MoveF_MoveF, canWorld
12x12, 31, 195936467, astar, 5.89, 1510, 29, None, TurnCW_MoveF_MoveF_MoveF_MoveF_MoveF_MoveF_MoveF_TurnCCW_MoveF_MoveF_MoveF_MoveF_MoveF_MoveF_MoveF_MoveF_MoveF_MoveF_MoveF_MoveF_MoveF_MoveF_MoveF_MoveF_MoveF_MoveF_MoveF_MoveF, canWorld
12x12, 31, 195936467, custom-astar, 5.66, 1510, 29, None, TurnCW_MoveF_MoveF_MoveF_MoveF_MoveF_MoveF_MoveF_TurnCCW_MoveF_MoveF_MoveF_MoveF_MoveF_MoveF_MoveF_MoveF_MoveF_MoveF_MoveF_MoveF_MoveF_MoveF_MoveF_MoveF_MoveF_MoveF_MoveF_MoveF, canWorld
12x12, 31, 20493, bfs, 9.81, 2805, 39, None, MoveF_MoveF_MoveF_MoveF_MoveF_MoveF_MoveF_MoveF_MoveF_MoveF_MoveF_MoveF_MoveF_MoveF_MoveF_TurnCW_MoveF_MoveF_MoveF_MoveF_MoveF_MoveF_MoveF_MoveF_MoveF_MoveF_MoveF_MoveF_MoveF_MoveF_MoveF_MoveF_MoveF_MoveF_MoveF_MoveF_MoveF_TurnCCW_MoveF, canWorld
12x12, 31, 20493, ucs, 9.45, 2831, 39, None, TurnCW_MoveF_MoveF_MoveF_MoveF_MoveF_MoveF_MoveF_MoveF_MoveF_MoveF_MoveF_MoveF_MoveF_MoveF_MoveF_MoveF_MoveF_MoveF_MoveF_MoveF_MoveF_TurnCCW_MoveF_MoveF_MoveF_MoveF_MoveF_MoveF_MoveF_MoveF_MoveF_MoveF_MoveF_MoveF_MoveF_MoveF_MoveF_MoveF, canWorld
12x12, 31, 20493, gbfs, 17.37, 4509, 39, None, TurnCW_MoveF_MoveF_MoveF_MoveF_MoveF_MoveF_MoveF_MoveF_MoveF_MoveF_MoveF_MoveF_MoveF_MoveF_MoveF_MoveF_MoveF_MoveF_MoveF_MoveF_MoveF_TurnCCW_MoveF_MoveF_MoveF_MoveF_MoveF_MoveF_MoveF_MoveF_MoveF_MoveF_MoveF_MoveF_MoveF_MoveF_MoveF_MoveF, canWorld
12x12, 31, 20493, astar, 9.43, 2790, 39, None, TurnCW_MoveF_MoveF_MoveF_MoveF_MoveF_MoveF_MoveF_MoveF_MoveF_MoveF_MoveF_MoveF_MoveF_MoveF_MoveF_MoveF_MoveF_MoveF_MoveF_MoveF_MoveF_TurnCCW_MoveF_MoveF_MoveF_MoveF_MoveF_MoveF_MoveF_MoveF_MoveF_MoveF_MoveF_MoveF_MoveF_MoveF_MoveF_MoveF, canWorld
12x12, 31, 20493, custom-astar, 9.84, 2790, 39, None, TurnCW_MoveF_MoveF_MoveF_MoveF_MoveF_MoveF_MoveF_MoveF_MoveF_MoveF_MoveF_MoveF_MoveF_MoveF_MoveF_MoveF_MoveF_MoveF_MoveF_MoveF_MoveF_TurnCCW_MoveF_MoveF_MoveF_MoveF_MoveF_MoveF_MoveF_MoveF_MoveF_MoveF_MoveF_MoveF_MoveF_MoveF_MoveF_MoveF, canWorld
16x16, 0, 3735929054, bfs, 11.11, 3157, 41, None, MoveF_MoveF_MoveF_MoveF_MoveF_MoveF_MoveF_MoveF_MoveF_MoveF_MoveF_MoveF_MoveF_MoveF_MoveF_MoveF_MoveF_MoveF_MoveF_MoveF_MoveF_MoveF_MoveF_TurnCW_MoveF_MoveF_MoveF_MoveF_MoveF_MoveF_MoveF_MoveF_MoveF_MoveF_MoveF_MoveF_MoveF_MoveF_MoveF_MoveF_TurnCCW, canWorld
16x16, 0, 3735929054, ucs, 10.38, 3201, 41, None, TurnCW_MoveF_MoveF_MoveF_MoveF_MoveF_MoveF_MoveF_MoveF_MoveF_MoveF_MoveF_MoveF_MoveF_MoveF_MoveF_MoveF_TurnCCW_MoveF_MoveF_MoveF_MoveF_MoveF_MoveF_MoveF_MoveF_MoveF_MoveF_MoveF_MoveF_MoveF_MoveF_MoveF_MoveF_MoveF_MoveF_MoveF_MoveF_MoveF_MoveF_MoveF, canWorld
16x16, 0, 3735929054, gbfs, 43.63, 9047, 41, None, TurnCW_MoveF_MoveF_MoveF_MoveF_MoveF_MoveF_MoveF_MoveF_MoveF_MoveF_MoveF_MoveF_MoveF_MoveF_MoveF_MoveF_TurnCCW_MoveF_MoveF_MoveF_MoveF_MoveF_MoveF_MoveF_MoveF_MoveF_MoveF_MoveF_MoveF_MoveF_MoveF_MoveF_MoveF_MoveF_MoveF_MoveF_MoveF_MoveF_MoveF_MoveF, canWorld
16x16, 0, 3735929054, astar, 11.94, 3158, 41, None, TurnCW_MoveF_MoveF_MoveF_MoveF_MoveF_MoveF_MoveF_MoveF_MoveF_MoveF_MoveF_MoveF_MoveF_MoveF_MoveF_MoveF_TurnCCW_MoveF_MoveF_MoveF_MoveF_MoveF_MoveF_MoveF_MoveF_MoveF_MoveF_MoveF_MoveF_MoveF_MoveF_MoveF_MoveF_MoveF_MoveF_MoveF_MoveF_MoveF_MoveF_MoveF, canWorld
16x16, 0, 3735929054, custom-astar, 11.04, 3158, 41, None, TurnCW_MoveF_MoveF_MoveF_MoveF_MoveF_MoveF_MoveF_MoveF_MoveF_MoveF_MoveF_MoveF_MoveF_MoveF_MoveF_MoveF_TurnCCW_MoveF_MoveF_MoveF_MoveF_MoveF_MoveF_MoveF_MoveF_MoveF_MoveF_MoveF_MoveF_MoveF_MoveF_MoveF_MoveF_MoveF_MoveF_MoveF_MoveF_MoveF_MoveF_MoveF, canWorld
16x16, 0, 195936467, bfs, 6.40, 1991, 33, None, MoveF_MoveF_MoveF_MoveF_MoveF_MoveF_MoveF_MoveF_MoveF_MoveF_MoveF_MoveF_MoveF_MoveF_MoveF_MoveF_MoveF_MoveF_MoveF_MoveF_MoveF_MoveF_MoveF_MoveF_MoveF_MoveF_MoveF_MoveF_MoveF_MoveF_TurnCW_MoveF_TurnCCW, canWorld
16x16, 0, 195936467, ucs, 6.41, 2027, 33, None, TurnCW_MoveF_TurnCCW_MoveF_MoveF_MoveF_MoveF_MoveF_MoveF_MoveF_MoveF_MoveF_MoveF_MoveF_MoveF_MoveF_MoveF_MoveF_MoveF_MoveF_MoveF_MoveF_MoveF_MoveF_MoveF_MoveF_MoveF_MoveF_MoveF_MoveF_MoveF_MoveF_MoveF, canWorld
16x16, 0, 195936467, gbfs, 69.50, 12182, 33, None, TurnCW_MoveF_TurnCCW_MoveF_MoveF_MoveF_MoveF_MoveF_MoveF_MoveF_MoveF_MoveF_MoveF_MoveF_MoveF_MoveF_MoveF_MoveF_MoveF_MoveF_MoveF_MoveF_MoveF_MoveF_MoveF_MoveF_MoveF_MoveF_MoveF_MoveF_MoveF_MoveF_MoveF, canWorld
16x16, 0, 195936467, astar, 6.48, 1992, 33, None, TurnCW_MoveF_TurnCCW_MoveF_MoveF_MoveF_MoveF_MoveF_MoveF_MoveF_MoveF_MoveF_MoveF_MoveF_MoveF_MoveF_MoveF_MoveF_MoveF_MoveF_MoveF_MoveF_MoveF_MoveF_MoveF_MoveF_MoveF_MoveF_MoveF_MoveF_MoveF_MoveF_MoveF, canWorld
16x16, 0, 195936467, custom-astar, 7.34, 1992, 33, None, TurnCW_MoveF_TurnCCW_MoveF_MoveF_MoveF_MoveF_MoveF_MoveF_MoveF_MoveF_MoveF_MoveF_MoveF_MoveF_MoveF_MoveF_MoveF_MoveF_MoveF_MoveF_MoveF_MoveF_MoveF_MoveF_MoveF_MoveF_MoveF_MoveF_MoveF_MoveF_MoveF_MoveF, canWorld
16x16, 0, 20493, bfs, 7.12, 2175, 34, None, MoveF_MoveF_MoveF_TurnCW_MoveF_MoveF_MoveF_MoveF_MoveF_MoveF_MoveF_MoveF_MoveF_MoveF_MoveF_MoveF_MoveF_MoveF_MoveF_MoveF_MoveF_MoveF_MoveF_MoveF_MoveF_MoveF_MoveF_MoveF_MoveF_MoveF_MoveF_MoveF_MoveF_TurnCCW, canWorld
16x16, 0, 20493, ucs, 6.98, 2212, 34, None, TurnCW_MoveF_MoveF_MoveF_MoveF_MoveF_MoveF_MoveF_MoveF_MoveF_MoveF_MoveF_MoveF_MoveF_MoveF_MoveF_MoveF_MoveF_MoveF_MoveF_MoveF_MoveF_MoveF_MoveF_MoveF_MoveF_MoveF_MoveF_MoveF_MoveF_TurnCCW_MoveF_MoveF_MoveF, canWorld
16x16, 0, 20493, gbfs, 19.11, 5050, 34, None, TurnCW_MoveF_MoveF_MoveF_MoveF_MoveF_MoveF_MoveF_MoveF_MoveF_MoveF_MoveF_MoveF_MoveF_MoveF_MoveF_MoveF_MoveF_MoveF_MoveF_MoveF_MoveF_MoveF_MoveF_MoveF_MoveF_MoveF_MoveF_MoveF_MoveF_TurnCCW_MoveF_MoveF_MoveF, canWorld
16x16, 0, 20493, astar, 7.04, 2176, 34, None, TurnCW_MoveF_MoveF_MoveF_MoveF_MoveF_MoveF_MoveF_MoveF_MoveF_MoveF_MoveF_MoveF_MoveF_MoveF_MoveF_MoveF_MoveF_MoveF_MoveF_MoveF_MoveF_MoveF_MoveF_MoveF_MoveF_MoveF_MoveF_MoveF_MoveF_TurnCCW_MoveF_MoveF_MoveF, canWorld
16x16, 0, 20493, custom-astar, 7.04, 2176, 34, None, TurnCW_MoveF_MoveF_MoveF_MoveF_MoveF_MoveF_MoveF_MoveF_MoveF_MoveF_MoveF_MoveF_MoveF_MoveF_MoveF_MoveF_MoveF_MoveF_MoveF_MoveF_MoveF_MoveF_MoveF_MoveF_MoveF_MoveF_MoveF_MoveF_MoveF_TurnCCW_MoveF_MoveF_MoveF, canWorld
16x16, 54, 3735929054, bfs, 11.39, 3457, 43, None, MoveF_MoveF_MoveF_MoveF_MoveF_MoveF_MoveF_MoveF_MoveF_MoveF_MoveF_MoveF_MoveF_MoveF_MoveF_MoveF_MoveF_MoveF_MoveF_TurnCW_MoveF_MoveF_MoveF_MoveF_MoveF_MoveF_MoveF_MoveF_MoveF_MoveF_MoveF_MoveF_MoveF_MoveF_TurnCCW_MoveF_MoveF_MoveF_MoveF_MoveF_MoveF_MoveF_MoveF, canWorld
16x16, 54, 3735929054, ucs, 11.10, 3419, 43, None, TurnCW_MoveF_MoveF_MoveF_MoveF_MoveF_MoveF_MoveF_MoveF_MoveF_MoveF_MoveF_MoveF_MoveF_MoveF_TurnCCW_MoveF_MoveF_MoveF_MoveF_MoveF_MoveF_MoveF_MoveF_MoveF_MoveF_MoveF_MoveF_MoveF_MoveF_MoveF_MoveF_MoveF_MoveF_MoveF_MoveF_MoveF_MoveF_MoveF_MoveF_MoveF_MoveF_MoveF, canWorld
16x16, 54, 3735929054, gbfs, 47.03, 9544, 43, None, TurnCW_MoveF_MoveF_MoveF_MoveF_MoveF_MoveF_MoveF_MoveF_MoveF_MoveF_MoveF_MoveF_MoveF_MoveF_TurnCCW_MoveF_MoveF_MoveF_MoveF_MoveF_MoveF_MoveF_MoveF_MoveF_MoveF_MoveF_MoveF_MoveF_MoveF_MoveF_MoveF_MoveF_MoveF_MoveF_MoveF_MoveF_MoveF_MoveF_MoveF_MoveF_MoveF_MoveF, canWorld
16x16, 54, 3735929054, astar, 11.89, 3328, 43, None, TurnCW_MoveF_MoveF_MoveF_MoveF_MoveF_MoveF_MoveF_MoveF_MoveF_MoveF_MoveF_MoveF_MoveF_MoveF_TurnCCW_MoveF_MoveF_MoveF_MoveF_MoveF_MoveF_MoveF_MoveF_MoveF_MoveF_MoveF_MoveF_MoveF_MoveF_MoveF_MoveF_MoveF_MoveF_MoveF_MoveF_MoveF_MoveF_MoveF_MoveF_MoveF_MoveF_MoveF, canWorld
16x16, 54, 3735929054, custom-astar, 12.01, 3328, 43, None, TurnCW_MoveF_MoveF_MoveF_MoveF_MoveF_MoveF_MoveF_MoveF_MoveF_MoveF_MoveF_MoveF_MoveF_MoveF_TurnCCW_MoveF_MoveF_MoveF_MoveF_MoveF_MoveF_MoveF_MoveF_MoveF_MoveF_MoveF_MoveF_MoveF_MoveF_MoveF_MoveF_MoveF_MoveF_MoveF_MoveF_MoveF_MoveF_MoveF_MoveF_MoveF_MoveF_MoveF, canWorld
16x16, 54, 195936467, bfs, 3.90, 1305, 27, None, MoveF_MoveF_MoveF_MoveF_MoveF_MoveF_MoveF_MoveF_MoveF_MoveF_TurnCW_MoveF_MoveF_MoveF_MoveF_MoveF_MoveF_MoveF_MoveF_MoveF_MoveF_MoveF_MoveF_MoveF_MoveF_MoveF_TurnCCW, canWorld
16x16, 54, 195936467, ucs, 3.80, 1339, 27, None, MoveF_TurnCW_MoveF_MoveF_MoveF_MoveF_MoveF_MoveF_MoveF_MoveF_MoveF_MoveF_MoveF_MoveF_MoveF_MoveF_MoveF_TurnCCW_MoveF_MoveF_MoveF_MoveF_MoveF_MoveF_MoveF_MoveF_MoveF, canWorld
16x16, 54, 195936467, gbfs, 33.84, 7602, 29, None, TurnCW_MoveF_TurnCCW_MoveF_TurnCW_MoveF_MoveF_MoveF_MoveF_MoveF_MoveF_MoveF_MoveF_MoveF_MoveF_MoveF_MoveF_MoveF_MoveF_TurnCCW_MoveF_MoveF_MoveF_MoveF_MoveF_MoveF_MoveF_MoveF_MoveF, canWorld
16x16, 54, 195936467, astar, 4.07, 1328, 27, None, MoveF_TurnCW_MoveF_MoveF_MoveF_MoveF_MoveF_MoveF_MoveF_MoveF_MoveF_MoveF_MoveF_MoveF_MoveF_MoveF_MoveF_TurnCCW_MoveF_MoveF_MoveF_MoveF_MoveF_MoveF_MoveF_MoveF_MoveF, canWorld
16x16, 54, 195936467, custom-astar, 4.16, 1328, 27, None, MoveF_TurnCW_MoveF_MoveF_MoveF_MoveF_MoveF_MoveF_MoveF_MoveF_MoveF_MoveF_MoveF_MoveF_MoveF_MoveF_MoveF_TurnCCW_MoveF_MoveF_MoveF_MoveF_MoveF_MoveF_MoveF_MoveF_MoveF, canWorld
16x16, 54, 20493, bfs, 3.47, 1078, 25, None, MoveF_MoveF_MoveF_MoveF_MoveF_MoveF_MoveF_MoveF_MoveF_MoveF_MoveF_MoveF_MoveF_MoveF_MoveF_MoveF_MoveF_TurnCW_MoveF_MoveF_MoveF_MoveF_MoveF_MoveF_TurnCCW, canWorld
16x16, 54, 20493, ucs, 3.20, 1053, 25, None, TurnCW_MoveF_MoveF_MoveF_MoveF_MoveF_MoveF_TurnCCW_MoveF_MoveF_MoveF_MoveF_MoveF_MoveF_MoveF_MoveF_MoveF_MoveF_MoveF_MoveF_MoveF_MoveF_MoveF_MoveF_MoveF, canWorld
16x16, 54, 20493, gbfs, 60.67, 10141, 25, None, TurnCW_MoveF_MoveF_MoveF_MoveF_MoveF_MoveF_TurnCCW_MoveF_MoveF_MoveF_MoveF_MoveF_MoveF_MoveF_MoveF_MoveF_MoveF_MoveF_MoveF_MoveF_MoveF_MoveF_MoveF_MoveF, canWorld
16x16, 54, 20493, astar, 3.28, 1054, 25, None, TurnCW_MoveF_MoveF_MoveF_MoveF_MoveF_MoveF_TurnCCW_MoveF_MoveF_MoveF_MoveF_MoveF_MoveF_MoveF_MoveF_MoveF_MoveF_MoveF_MoveF_MoveF_MoveF_MoveF_MoveF_MoveF, canWorld
16x16, 54, 20493, custom-astar, 4.00, 1054, 25, None, TurnCW_MoveF_MoveF_MoveF_MoveF_MoveF_MoveF_TurnCCW_MoveF_MoveF_MoveF_MoveF_MoveF_MoveF_MoveF_MoveF_MoveF_MoveF_MoveF_MoveF_MoveF_MoveF_MoveF_MoveF_MoveF, canWorld
3x6, 0, 3735929054, bfs, 1.86, 494, 26, None, TurnCW_MoveF_MoveF_MoveF_TurnCW_MoveF_MoveF_TurnCCW_MoveF_MoveF_MoveF_MoveF_MoveF_MoveF_MoveF_MoveF_MoveF_MoveF_TurnCCW_MoveF_MoveF_TurnCW_MoveF_MoveF_TurnCCW_MoveF, cafeWorld
3x6, 0, 3735929054, ucs, 1.45, 522, 26, None, TurnCW_MoveF_MoveF_MoveF_TurnCW_MoveF_MoveF_TurnCCW_MoveF_MoveF_MoveF_TurnCCW_MoveF_MoveF_TurnCW_MoveF_MoveF_MoveF_MoveF_MoveF_MoveF_MoveF_MoveF_MoveF_TurnCCW_MoveF, cafeWorld
3x6, 0, 3735929054, gbfs, 1.35, 385, 26, None, TurnCW_MoveF_MoveF_MoveF_TurnCW_MoveF_MoveF_TurnCCW_MoveF_MoveF_MoveF_MoveF_MoveF_MoveF_MoveF_MoveF_MoveF_MoveF_TurnCCW_MoveF_MoveF_TurnCW_MoveF_MoveF_TurnCCW_MoveF, cafeWorld
3x6, 0, 3735929054, astar, 1.59, 470, 26, None, TurnCW_MoveF_MoveF_MoveF_TurnCW_MoveF_MoveF_TurnCCW_MoveF_MoveF_MoveF_MoveF_MoveF_MoveF_MoveF_MoveF_MoveF_MoveF_TurnCCW_MoveF_MoveF_TurnCW_MoveF_MoveF_TurnCCW_MoveF, cafeWorld
3x6, 0, 3735929054, custom-astar, 1.41, 470, 26, None, TurnCW_MoveF_MoveF_MoveF_TurnCW_MoveF_MoveF_TurnCCW_MoveF_MoveF_MoveF_MoveF_MoveF_MoveF_MoveF_MoveF_MoveF_MoveF_TurnCCW_MoveF_MoveF_TurnCW_MoveF_MoveF_TurnCCW_MoveF, cafeWorld
3x6, 0, 195936467, bfs, 1.56, 470, 25, None, TurnCW_MoveF_MoveF_MoveF_TurnCW_MoveF_TurnCCW_MoveF_MoveF_MoveF_MoveF_MoveF_MoveF_MoveF_MoveF_MoveF_MoveF_TurnCCW_MoveF_MoveF_TurnCW_MoveF_MoveF_TurnCCW_MoveF, cafeWorld
3x6, 0, 195936467, ucs, 1.90, 503, 25, None, TurnCW_MoveF_MoveF_MoveF_TurnCW_MoveF_TurnCCW_MoveF_MoveF_MoveF_TurnCCW_MoveF_MoveF_TurnCW_MoveF_MoveF_MoveF_MoveF_MoveF_MoveF_MoveF_MoveF_MoveF_TurnCCW_MoveF, cafeWorld
3x6, 0, 195936467, gbfs, 1.28, 407, 25, None, TurnCW_MoveF_MoveF_MoveF_TurnCW_MoveF_TurnCCW_MoveF_MoveF_MoveF_MoveF_MoveF_MoveF_MoveF_MoveF_MoveF_MoveF_TurnCCW_MoveF_MoveF_TurnCW_MoveF_MoveF_TurnCCW_MoveF, cafeWorld
3x6, 0, 195936467, astar, 1.39, 455, 25, None, TurnCW_MoveF_MoveF_MoveF_TurnCW_MoveF_TurnCCW_MoveF_MoveF_MoveF_MoveF_MoveF_MoveF_MoveF_MoveF_MoveF_MoveF_TurnCCW_MoveF_MoveF_TurnCW_MoveF_MoveF_TurnCCW_MoveF, cafeWorld
3x6, 0, 195936467, custom-astar, 1.35, 455, 25, None, TurnCW_MoveF_MoveF_MoveF_TurnCW_MoveF_TurnCCW_MoveF_MoveF_MoveF_MoveF_MoveF_MoveF_MoveF_MoveF_MoveF_MoveF_TurnCCW_MoveF_MoveF_TurnCW_MoveF_MoveF_TurnCCW_MoveF, cafeWorld
3x6, 0, 20493, bfs, 1.42, 494, 26, None, TurnCW_MoveF_MoveF_MoveF_TurnCW_MoveF_MoveF_TurnCCW_MoveF_MoveF_MoveF_MoveF_MoveF_MoveF_MoveF_MoveF_MoveF_MoveF_TurnCCW_MoveF_MoveF_TurnCW_MoveF_MoveF_TurnCCW_MoveF, cafeWorld
3x6, 0, 20493, ucs, 1.84, 522, 26, None, TurnCW_MoveF_MoveF_MoveF_TurnCW_MoveF_MoveF_TurnCCW_MoveF_MoveF_MoveF_TurnCCW_MoveF_MoveF_TurnCW_MoveF_MoveF_MoveF_MoveF_MoveF_MoveF_MoveF_MoveF_MoveF_TurnCCW_MoveF, cafeWorld
3x6, 0, 20493, gbfs, 1.30, 385, 26, None, TurnCW_MoveF_MoveF_MoveF_TurnCW_MoveF_MoveF_TurnCCW_MoveF_MoveF_MoveF_MoveF_MoveF_MoveF_MoveF_MoveF_MoveF_MoveF_TurnCCW_MoveF_MoveF_TurnCW_MoveF_MoveF_TurnCCW_MoveF, cafeWorld
3x6, 0, 20493, astar, 1.72, 470, 26, None, TurnCW_MoveF_MoveF_MoveF_TurnCW_MoveF_MoveF_TurnCCW_MoveF_MoveF_MoveF_MoveF_MoveF_MoveF_MoveF_MoveF_MoveF_MoveF_TurnCCW_MoveF_MoveF_TurnCW_MoveF_MoveF_TurnCCW_MoveF, cafeWorld
3x6, 0, 20493, custom-astar, 1.49, 470, 26, None, TurnCW_MoveF_MoveF_MoveF_TurnCW_MoveF_MoveF_TurnCCW_MoveF_MoveF_MoveF_MoveF_MoveF_MoveF_MoveF_MoveF_MoveF_MoveF_TurnCCW_MoveF_MoveF_TurnCW_MoveF_MoveF_TurnCCW_MoveF, cafeWorld
3x6, 1, 3735929054, bfs, 1.78, 474, 26, None, TurnCW_MoveF_MoveF_MoveF_TurnCW_MoveF_MoveF_TurnCCW_MoveF_MoveF_MoveF_MoveF_MoveF_MoveF_MoveF_MoveF_TurnCCW_MoveF_MoveF_TurnCW_MoveF_MoveF_MoveF_MoveF_TurnCCW_MoveF, cafeWorld
3x6, 1, 3735929054, ucs, 1.49, 502, 26, None, TurnCW_MoveF_MoveF_MoveF_TurnCW_MoveF_MoveF_TurnCCW_MoveF_MoveF_MoveF_TurnCCW_MoveF_MoveF_TurnCW_MoveF_MoveF_MoveF_MoveF_MoveF_MoveF_MoveF_MoveF_MoveF_TurnCCW_MoveF, cafeWorld
3x6, 1, 3735929054, gbfs, 1.06, 365, 26, None, TurnCW_MoveF_MoveF_MoveF_TurnCW_MoveF_MoveF_TurnCCW_MoveF_MoveF_MoveF_MoveF_MoveF_MoveF_MoveF_MoveF_TurnCCW_MoveF_MoveF_TurnCW_MoveF_MoveF_MoveF_MoveF_TurnCCW_MoveF, cafeWorld
3x6, 1, 3735929054, astar, 1.34, 450, 26, None, TurnCW_MoveF_MoveF_MoveF_TurnCW_MoveF_MoveF_TurnCCW_MoveF_MoveF_MoveF_MoveF_MoveF_MoveF_MoveF_MoveF_TurnCCW_MoveF_MoveF_TurnCW_MoveF_MoveF_MoveF_MoveF_TurnCCW_MoveF, cafeWorld
3x6, 1, 3735929054, custom-astar, 1.34, 450, 26, None, TurnCW_MoveF_MoveF_MoveF_TurnCW_MoveF_MoveF_TurnCCW_MoveF_MoveF_MoveF_MoveF_MoveF_MoveF_MoveF_MoveF_TurnCCW_MoveF_MoveF_TurnCW_MoveF_MoveF_MoveF_MoveF_TurnCCW_MoveF, cafeWorld
3x6, 1, 195936467, bfs, 1.59, 474, 26, None, TurnCW_MoveF_MoveF_MoveF_TurnCW_MoveF_MoveF_TurnCCW_MoveF_MoveF_MoveF_MoveF_MoveF_MoveF_MoveF_MoveF_TurnCCW_MoveF_MoveF_TurnCW_MoveF_MoveF_MoveF_MoveF_TurnCCW_MoveF, cafeWorld
3x6, 1, 195936467, ucs, 1.31, 502, 26, None, TurnCW_MoveF_MoveF_MoveF_TurnCW_MoveF_MoveF_TurnCCW_MoveF_MoveF_MoveF_TurnCCW_MoveF_MoveF_TurnCW_MoveF_MoveF_MoveF_MoveF_MoveF_MoveF_MoveF_MoveF_MoveF_TurnCCW_MoveF, cafeWorld
3x6, 1, 195936467, gbfs, 1.16, 365, 26, None, TurnCW_MoveF_MoveF_MoveF_TurnCW_MoveF_MoveF_TurnCCW_MoveF_MoveF_MoveF_MoveF_MoveF_MoveF_MoveF_MoveF_TurnCCW_MoveF_MoveF_TurnCW_MoveF_MoveF_MoveF_MoveF_TurnCCW_MoveF, cafeWorld
3x6, 1, 195936467, astar, 1.55, 450, 26, None, TurnCW_MoveF_MoveF_MoveF_TurnCW_MoveF_MoveF_TurnCCW_MoveF_MoveF_MoveF_MoveF_MoveF_MoveF_MoveF_MoveF_TurnCCW_MoveF_MoveF_TurnCW_MoveF_MoveF_MoveF_MoveF_TurnCCW_MoveF, cafeWorld
3x6, 1, 195936467, custom-astar, 1.60, 450, 26, None, TurnCW_MoveF_MoveF_MoveF_TurnCW_MoveF_MoveF_TurnCCW_MoveF_MoveF_MoveF_MoveF_MoveF_MoveF_MoveF_MoveF_TurnCCW_MoveF_MoveF_TurnCW_MoveF_MoveF_MoveF_MoveF_TurnCCW_MoveF, cafeWorld
3x6, 1, 20493, bfs, 1.57, 502, 28, None, TurnCW_MoveF_MoveF_MoveF_TurnCW_MoveF_MoveF_MoveF_TurnCCW_MoveF_MoveF_MoveF_MoveF_MoveF_MoveF_MoveF_MoveF_MoveF_MoveF_TurnCCW_MoveF_MoveF_MoveF_TurnCW_MoveF_MoveF_TurnCCW_MoveF, cafeWorld
3x6, 1, 20493, ucs, 1.72, 529, 28, None, TurnCW_MoveF_MoveF_MoveF_TurnCW_MoveF_MoveF_MoveF_TurnCCW_MoveF_MoveF_MoveF_MoveF_MoveF_TurnCCW_MoveF_MoveF_MoveF_TurnCW_MoveF_MoveF_MoveF_MoveF_MoveF_MoveF_MoveF_TurnCCW_MoveF, cafeWorld
3x6, 1, 20493, gbfs, 1.26, 369, 30, None, TurnCW_MoveF_MoveF_MoveF_TurnCW_MoveF_MoveF_TurnCCW_MoveF_MoveF_TurnCW_MoveF_TurnCCW_MoveF_MoveF_MoveF_MoveF_MoveF_MoveF_MoveF_MoveF_TurnCCW_MoveF_MoveF_MoveF_TurnCW_MoveF_MoveF_TurnCCW_MoveF, cafeWorld
3x6, 1, 20493, astar, 1.56, 470, 28, None, TurnCW_MoveF_MoveF_MoveF_TurnCW_MoveF_MoveF_MoveF_TurnCCW_MoveF_MoveF_MoveF_MoveF_MoveF_MoveF_MoveF_MoveF_MoveF_MoveF_TurnCCW_MoveF_MoveF_MoveF_TurnCW_MoveF_MoveF_TurnCCW_MoveF, cafeWorld
3x6, 1, 20493, custom-astar, 1.61, 470, 28, None, TurnCW_MoveF_MoveF_MoveF_TurnCW_MoveF_MoveF_MoveF_TurnCCW_MoveF_MoveF_MoveF_MoveF_MoveF_MoveF_MoveF_MoveF_MoveF_MoveF_TurnCCW_MoveF_MoveF_MoveF_TurnCW_MoveF_MoveF_TurnCCW_MoveF, cafeWorld
3x6, 2, 3735929054, bfs, 1.37, 434, 25, None, TurnCW_MoveF_MoveF_MoveF_TurnCW_MoveF_TurnCCW_MoveF_MoveF_MoveF_MoveF_MoveF_MoveF_MoveF_MoveF_TurnCCW_MoveF_MoveF_TurnCW_MoveF_MoveF_MoveF_MoveF_TurnCCW_MoveF, cafeWorld
3x6, 2, 3735929054, ucs, 1.50, 467, 25, None, TurnCW_MoveF_MoveF_MoveF_TurnCW_MoveF_TurnCCW_MoveF_MoveF_MoveF_TurnCCW_MoveF_MoveF_TurnCW_MoveF_MoveF_MoveF_MoveF_MoveF_MoveF_MoveF_MoveF_MoveF_TurnCCW_MoveF, cafeWorld
3x6, 2, 3735929054, gbfs, 1.05, 371, 25, None, TurnCW_MoveF_MoveF_MoveF_TurnCW_MoveF_TurnCCW_MoveF_MoveF_MoveF_MoveF_MoveF_MoveF_MoveF_MoveF_TurnCCW_MoveF_MoveF_TurnCW_MoveF_MoveF_MoveF_MoveF_TurnCCW_MoveF, cafeWorld
3x6, 2, 3735929054, astar, 1.35, 419, 25, None, TurnCW_MoveF_MoveF_MoveF_TurnCW_MoveF_TurnCCW_MoveF_MoveF_MoveF_MoveF_MoveF_MoveF_MoveF_MoveF_TurnCCW_MoveF_MoveF_TurnCW_MoveF_MoveF_MoveF_MoveF_TurnCCW_MoveF, cafeWorld
3x6, 2, 3735929054, custom-astar, 1.48, 419, 25, None, TurnCW_MoveF_MoveF_MoveF_TurnCW_MoveF_TurnCCW_MoveF_MoveF_MoveF_MoveF_MoveF_MoveF_MoveF_MoveF_TurnCCW_MoveF_MoveF_TurnCW_MoveF_MoveF_MoveF_MoveF_TurnCCW_MoveF, cafeWorld
3x6, 2, 195936467, bfs, 1.53, 430, 25, None, TurnCW_MoveF_MoveF_MoveF_TurnCW_MoveF_TurnCCW_MoveF_MoveF_MoveF_MoveF_MoveF_MoveF_MoveF_MoveF_TurnCCW_MoveF_MoveF_TurnCW_MoveF_MoveF_MoveF_MoveF_TurnCCW_MoveF, cafeWorld
3x6, 2, 195936467, ucs, 1.32, 454, 25, None, TurnCW_MoveF_MoveF_MoveF_TurnCW_MoveF_TurnCCW_MoveF_MoveF_MoveF_TurnCCW_MoveF_MoveF_TurnCW_MoveF_MoveF_MoveF_MoveF_MoveF_MoveF_MoveF_MoveF_MoveF_TurnCCW_MoveF, cafeWorld
3x6, 2, 195936467, gbfs, 1.06, 369, 25, None, TurnCW_MoveF_MoveF_MoveF_TurnCW_MoveF_TurnCCW_MoveF_MoveF_MoveF_MoveF_MoveF_MoveF_MoveF_MoveF_TurnCCW_MoveF_MoveF_TurnCW_MoveF_MoveF_MoveF_MoveF_TurnCCW_MoveF, cafeWorld
3x6, 2, 195936467, astar, 1.18, 415, 25, None, TurnCW_MoveF_MoveF_MoveF_TurnCW_MoveF_TurnCCW_MoveF_MoveF_MoveF_MoveF_MoveF_MoveF_MoveF_MoveF_TurnCCW_MoveF_MoveF_TurnCW_MoveF_MoveF_MoveF_MoveF_TurnCCW_MoveF, cafeWorld
3x6, 2, 195936467, custom-astar, 1.16, 415, 25, None, TurnCW_MoveF_MoveF_MoveF_TurnCW_MoveF_TurnCCW_MoveF_MoveF_MoveF_MoveF_MoveF_MoveF_MoveF_MoveF_TurnCCW_MoveF_MoveF_TurnCW_MoveF_MoveF_MoveF_MoveF_TurnCCW_MoveF, cafeWorld
3x6, 2, 20493, bfs, 1.35, 479, 28, None, TurnCW_MoveF_MoveF_MoveF_TurnCW_MoveF_MoveF_MoveF_TurnCCW_MoveF_MoveF_MoveF_MoveF_MoveF_MoveF_MoveF_MoveF_MoveF_MoveF_TurnCCW_MoveF_MoveF_MoveF_TurnCW_MoveF_MoveF_TurnCCW_MoveF, cafeWorld
3x6, 2, 20493, ucs, 1.37, 495, 28, None, TurnCW_MoveF_MoveF_MoveF_TurnCW_MoveF_MoveF_MoveF_TurnCCW_MoveF_MoveF_MoveF_MoveF_MoveF_TurnCCW_MoveF_MoveF_MoveF_TurnCW_MoveF_MoveF_MoveF_MoveF_MoveF_MoveF_MoveF_TurnCCW_MoveF, cafeWorld
3x6, 2, 20493, gbfs, 0.96, 353, 30, None, TurnCW_MoveF_MoveF_MoveF_TurnCW_MoveF_MoveF_TurnCCW_MoveF_MoveF_TurnCW_MoveF_TurnCCW_MoveF_MoveF_MoveF_MoveF_MoveF_MoveF_MoveF_MoveF_TurnCCW_MoveF_MoveF_MoveF_TurnCW_MoveF_MoveF_TurnCCW_MoveF, cafeWorld
3x6, 2, 20493, astar, 1.14, 447, 28, None, TurnCW_MoveF_MoveF_MoveF_TurnCW_MoveF_MoveF_MoveF_TurnCCW_MoveF_MoveF_MoveF_MoveF_MoveF_MoveF_MoveF_MoveF_MoveF_MoveF_TurnCCW_MoveF_MoveF_MoveF_TurnCW_MoveF_MoveF_TurnCCW_MoveF, cafeWorld
3x6, 2, 20493, custom-astar, 1.37, 447, 28, None, TurnCW_MoveF_MoveF_MoveF_TurnCW_MoveF_MoveF_MoveF_TurnCCW_MoveF_MoveF_MoveF_MoveF_MoveF_MoveF_MoveF_MoveF_MoveF_MoveF_TurnCCW_MoveF_MoveF_MoveF_TurnCW_MoveF_MoveF_TurnCCW_MoveF, cafeWorld
3x6, 4, 3735929054, bfs, 1.43, 443, 28, None, TurnCW_MoveF_MoveF_MoveF_TurnCW_MoveF_MoveF_MoveF_TurnCCW_MoveF_MoveF_MoveF_MoveF_MoveF_MoveF_MoveF_MoveF_TurnCCW_MoveF_MoveF_MoveF_TurnCW_MoveF_MoveF_MoveF_MoveF_TurnCCW_MoveF, cafeWorld
3x6, 4, 3735929054, ucs, 1.76, 459, 28, None, TurnCW_MoveF_MoveF_MoveF_TurnCW_MoveF_MoveF_MoveF_TurnCCW_MoveF_MoveF_MoveF_MoveF_MoveF_TurnCCW_MoveF_MoveF_MoveF_TurnCW_MoveF_MoveF_MoveF_MoveF_MoveF_MoveF_MoveF_TurnCCW_MoveF, cafeWorld
3x6, 4, 3735929054, gbfs, 0.94, 317, 30, None, TurnCW_MoveF_MoveF_MoveF_TurnCW_MoveF_MoveF_TurnCCW_MoveF_MoveF_TurnCW_MoveF_TurnCCW_MoveF_MoveF_MoveF_MoveF_MoveF_MoveF_TurnCCW_MoveF_MoveF_MoveF_TurnCW_MoveF_MoveF_MoveF_MoveF_TurnCCW_MoveF, cafeWorld
3x6, 4, 3735929054, astar, 1.29, 411, 28, None, TurnCW_MoveF_MoveF_MoveF_TurnCW_MoveF_MoveF_MoveF_TurnCCW_MoveF_MoveF_MoveF_MoveF_MoveF_MoveF_MoveF_MoveF_TurnCCW_MoveF_MoveF_MoveF_TurnCW_MoveF_MoveF_MoveF_MoveF_TurnCCW_MoveF, cafeWorld
3x6, 4, 3735929054, custom-astar, 1.32, 411, 28, None, TurnCW_MoveF_MoveF_MoveF_TurnCW_MoveF_MoveF_MoveF_TurnCCW_MoveF_MoveF_MoveF_MoveF_MoveF_MoveF_MoveF_MoveF_TurnCCW_MoveF_MoveF_MoveF_TurnCW_MoveF_MoveF_MoveF_MoveF_TurnCCW_MoveF, cafeWorld
3x6, 4, 195936467, bfs, 1.03, 412, 26, None, TurnCW_MoveF_MoveF_MoveF_TurnCW_MoveF_MoveF_TurnCCW_MoveF_MoveF_MoveF_MoveF_MoveF_MoveF_MoveF_MoveF_TurnCCW_MoveF_MoveF_TurnCW_MoveF_MoveF_MoveF_MoveF_TurnCCW_MoveF, cafeWorld
3x6, 4, 195936467, ucs, 1.33, 419, 26, None, TurnCW_MoveF_MoveF_MoveF_TurnCW_MoveF_MoveF_TurnCCW_MoveF_MoveF_MoveF_TurnCCW_MoveF_MoveF_TurnCW_MoveF_MoveF_MoveF_MoveF_MoveF_MoveF_MoveF_MoveF_MoveF_TurnCCW_MoveF, cafeWorld
3x6, 4, 195936467, gbfs, 1.01, 312, 26, None, TurnCW_MoveF_MoveF_MoveF_TurnCW_MoveF_MoveF_TurnCCW_MoveF_MoveF_MoveF_MoveF_MoveF_MoveF_MoveF_MoveF_TurnCCW_MoveF_MoveF_TurnCW_MoveF_MoveF_MoveF_MoveF_TurnCCW_MoveF, cafeWorld
3x6, 4, 195936467, astar, 1.08, 369, 26, None, TurnCW_MoveF_MoveF_MoveF_TurnCW_MoveF_MoveF_TurnCCW_MoveF_MoveF_MoveF_MoveF_MoveF_MoveF_MoveF_MoveF_TurnCCW_MoveF_MoveF_TurnCW_MoveF_MoveF_MoveF_MoveF_TurnCCW_MoveF, cafeWorld
3x6, 4, 195936467, custom-astar, 1.15, 369, 26, None, TurnCW_MoveF_MoveF_MoveF_TurnCW_MoveF_MoveF_TurnCCW_MoveF_MoveF_MoveF_MoveF_MoveF_MoveF_MoveF_MoveF_TurnCCW_MoveF_MoveF_TurnCW_MoveF_MoveF_MoveF_MoveF_TurnCCW_MoveF, cafeWorld
3x6, 4, 20493, bfs, 1.43, 439, 28, None, TurnCW_MoveF_MoveF_MoveF_TurnCW_MoveF_MoveF_MoveF_TurnCCW_MoveF_MoveF_MoveF_MoveF_MoveF_MoveF_MoveF_MoveF_TurnCCW_MoveF_MoveF_MoveF_TurnCW_MoveF_MoveF_MoveF_MoveF_TurnCCW_MoveF, cafeWorld
3x6, 4, 20493, ucs, 1.12, 455, 28, None, TurnCW_MoveF_MoveF_MoveF_TurnCW_MoveF_MoveF_MoveF_TurnCCW_MoveF_MoveF_MoveF_MoveF_MoveF_TurnCCW_MoveF_MoveF_MoveF_TurnCW_MoveF_MoveF_MoveF_MoveF_MoveF_MoveF_MoveF_TurnCCW_MoveF, cafeWorld
3x6, 4, 20493, gbfs, 0.74, 313, 30, None, TurnCW_MoveF_MoveF_MoveF_TurnCW_MoveF_MoveF_TurnCCW_MoveF_MoveF_TurnCW_MoveF_TurnCCW_MoveF_MoveF_MoveF_MoveF_MoveF_MoveF_TurnCCW_MoveF_MoveF_MoveF_TurnCW_MoveF_MoveF_MoveF_MoveF_TurnCCW_MoveF, cafeWorld
3x6, 4, 20493, astar, 1.04, 407, 28, None, TurnCW_MoveF_MoveF_MoveF_TurnCW_MoveF_MoveF_MoveF_TurnCCW_MoveF_MoveF_MoveF_MoveF_MoveF_MoveF_MoveF_MoveF_TurnCCW_MoveF_MoveF_MoveF_TurnCW_MoveF_MoveF_MoveF_MoveF_TurnCCW_MoveF, cafeWorld
3x6, 4, 20493, custom-astar, 1.13, 407, 28, None, TurnCW_MoveF_MoveF_MoveF_TurnCW_MoveF_MoveF_MoveF_TurnCCW_MoveF_MoveF_MoveF_MoveF_MoveF_MoveF_MoveF_MoveF_TurnCCW_MoveF_MoveF_MoveF_TurnCW_MoveF_MoveF_MoveF_MoveF_TurnCCW_MoveF, cafeWorld
